**Creating all required physical tables with meangingful values**

  
 ======== Customer Churn & Retention Intelligence System =========

/* ---------- Creating Customers Table ----------------- */
  
CREATE TABLE customers (
    customer_id INT PRIMARY KEY,
    full_name VARCHAR(100) NOT NULL,
    email VARCHAR(150) UNIQUE NOT NULL,
    signup_date DATE NOT NULL,
    status VARCHAR(20) DEFAULT 'active'
);


/* ------- Inserting values into Customer Table ----------------------- */

INSERT INTO customers (customer_id, full_name, email, signup_date, status) VALUES
(1, 'Ama Mensah', 'ama.mensah@email.com', '2024-01-10', 'active'),
(2, 'Kofi Adu', 'kofi.adu@email.com', '2023-11-05', 'active'),
(3, 'Yaw Boateng', 'yaw.boateng@email.com', '2023-06-20', 'active'),
(4, 'Esi Owusu', 'esi.owusu@email.com', '2024-02-15', 'active'),
(5, 'Kojo Asante', 'kojo.asante@email.com', '2023-03-12', 'active'),
(6, 'Antwiwaa Rita', 'antwiwaa.rita200@gmail.com', '2026-01-11', 'active'),
(7, 'Abena Osei', 'abena.osei@gmail.com', '2026-01-09', 'active'),
(8, 'Kojo Boateng', 'kojo.boateng@gmail.com', '2026-01-07', 'active'),
(9, 'Efua Nyarko', 'efua.nyarko@gmail.com', '2026-01-05', 'active'),
(10, 'Mensah Darko', 'mensah.darko@gmail.com', '2026-01-03', 'active'),
(11, 'Rita Badu', 'rita.badu@gmail.com', '2026-01-01', 'active'),
(12, 'Kwesi Frimpong', 'kwesi.frimpong@gmail.com', '2025-12-30', 'active'),
(13, 'Adwoa Ankomah', 'adwoa.ankomah@gmail.com', '2025-12-28', 'active'),
(14, 'Kwaku Amankwah', 'kwaku.amankwah@gmail.com', '2025-12-26', 'active'),
(15, 'Esi Baah', 'esi.baah@gmail.com', '2025-12-24', 'active'),
(16, 'Nana Owusu', 'nana.owusu@gmail.com', '2025-12-22', 'active'),
(17, 'Akua Asiedu', 'akua.asiedu@gmail.com', '2025-12-20', 'active'),
(18, 'Yaw Boakye', 'yaw.boakye@gmail.com', '2025-12-18', 'active'),
(19, 'Abena Tetteh', 'abena.tetteh@gmail.com', '2025-12-16', 'active'),
(20, 'Kojo Ofori', 'kojo.ofori@gmail.com', '2025-12-14', 'active'),
(21, 'Efua Danso', 'efua.danso@gmail.com', '2025-12-12', 'active'),
(22, 'Mensah Akoto', 'mensah.akoto@gmail.com', '2025-12-10', 'active'),
(23, 'Rita Kofi', 'rita.kofi@gmail.com', '2025-12-08', 'active'),
(24, 'Kwesi Amoah', 'kwesi.amoah@gmail.com', '2025-12-06', 'active'),
(25, 'Adwoa Oppong', 'adwoa.oppong@gmail.com', '2025-12-04', 'active'),
(26, 'Kwaku Nyarko', 'kwaku.nyarko@gmail.com', '2025-12-02', 'active'),
(27, 'Esi Amponsah', 'esi.amponsah@gmail.com', '2025-11-30', 'active'),
(28, 'Nana Appiah', 'nana.appiah@gmail.com', '2025-11-28', 'active'),
(29, 'Akua Ankrah', 'akua.ankrah@gmail.com', '2025-11-26', 'active'),
(30, 'Yaw Agyemang', 'yaw.agyemang@gmail.com', '2025-11-24', 'active'),
(31, 'Abena Asare', 'abena.asare@gmail.com', '2025-11-22', 'active'),
(32, 'Kojo Baidoo', 'kojo.baidoo@gmail.com', '2025-11-20', 'active'),
(33, 'Efua Essien', 'efua.essien@gmail.com', '2025-11-18', 'active'),
(34, 'Mensah Osei', 'mensah.osei@gmail.com', '2025-11-16', 'active'),
(35, 'Rita Darko', 'rita.darko@gmail.com', '2025-11-14', 'active'),
(36, 'Kwesi Adjei', 'kwesi.adjei@gmail.com', '2025-11-12', 'active'),
(37, 'Adwoa Bonsu', 'adwoa.bonsu@gmail.com', '2025-11-10', 'active'),
(38, 'Kwaku Owusu', 'kwaku.owusu@gmail.com', '2025-11-08', 'active'),
(39, 'Esi Boateng', 'esi.boateng@gmail.com', '2025-11-06', 'active'),
(40, 'Nana Asiedu', 'nana.asiedu@gmail.com', '2025-11-04', 'active'),
(41, 'Akua Frimpong', 'akua.frimpong@gmail.com', '2025-11-02', 'active'),
(42, 'Yaw Ankomah', 'yaw.ankomah@gmail.com', '2025-10-31', 'active'),
(43, 'Abena Amankwah', 'abena.amankwah@gmail.com', '2025-10-29', 'active'),
(44, 'Kojo Baah', 'kojo.baah@gmail.com', '2025-10-27', 'active'),
(45, 'Efua Tetteh', 'efua.tetteh@gmail.com', '2025-10-25', 'active'),
(46, 'Mensah Ofori', 'mensah.ofori@gmail.com', '2025-10-23', 'active'),
(47, 'Rita Danso', 'rita.danso@gmail.com', '2025-10-21', 'active'),
(48, 'Kwesi Akoto', 'kwesi.akoto@gmail.com', '2025-10-19', 'active'),
(49, 'Adwoa Kofi', 'adwoa.kofi@gmail.com', '2025-10-17', 'active'),
(50, 'Kwaku Amoah', 'kwaku.amoah@gmail.com', '2025-10-15', 'active'),
(51, 'Esi Oppong', 'esi.oppong@gmail.com', '2025-10-13', 'active'),
(52, 'Nana Nyarko', 'nana.nyarko@gmail.com', '2025-10-11', 'active'),
(53, 'Akua Amponsah', 'akua.amponsah@gmail.com', '2025-10-09', 'active'),
(54, 'Yaw Appiah', 'yaw.appiah@gmail.com', '2025-10-07', 'active'),
(55, 'Abena Ankrah', 'abena.ankrah@gmail.com', '2025-10-05', 'active'),
(56, 'Kojo Agyemang', 'kojo.agyemang@gmail.com', '2025-10-03', 'active'),
(57, 'Efua Asare', 'efua.asare@gmail.com', '2025-10-01', 'active'),
(58, 'Mensah Baidoo', 'mensah.baidoo@gmail.com', '2025-09-29', 'active'),
(59, 'Rita Essien', 'rita.essien@gmail.com', '2025-09-27', 'active'),
(60, 'Kwesi Osei', 'kwesi.osei@gmail.com', '2025-09-25', 'active'),
(61, 'Adwoa Darko', 'adwoa.darko@gmail.com', '2025-09-23', 'active'),
(62, 'Kwaku Adjei', 'kwaku.adjei@gmail.com', '2025-09-21', 'active'),
(63, 'Esi Bonsu', 'esi.bonsu@gmail.com', '2025-09-19', 'active'),
(64, 'George Ofori', 'george.ofori@gmail.com', '2025-09-17', 'active'),
(65, 'Akua Boateng', 'akua.boateng@gmail.com', '2025-09-15', 'active'),
(66, 'Yaw Asiedu', 'yaw.asiedu@gmail.com', '2025-09-13', 'active'),
(67, 'Abena Frimpong', 'abena.frimpong@gmail.com', '2025-09-11', 'active'),
(68, 'Kojo Ankomah', 'kojo.ankomah@gmail.com', '2025-09-09', 'active'),
(69, 'Efua Amankwah', 'efua.amankwah@gmail.com', '2025-09-07', 'active'),
(70, 'Mensah Baah', 'mensah.baah@gmail.com', '2025-09-05', 'active'),
(71, 'Rita Tetteh', 'rita.tetteh@gmail.com', '2025-09-03', 'active'),
(72, 'Kwesi Ofori', 'kwesi.ofori@gmail.com', '2025-09-01', 'active'),
(73, 'Adwoa Danso', 'adwoa.danso@gmail.com', '2025-08-30', 'active'),
(74, 'Kwaku Akoto', 'kwaku.akoto@gmail.com', '2025-08-28', 'active'),
(75, 'Esi Kofi', 'esi.kofi@gmail.com', '2025-08-26', 'active'),
(76, 'Nana Amoah', 'nana.amoah@gmail.com', '2025-08-24', 'active'),
(77, 'Akua Oppong', 'akua.oppong@gmail.com', '2025-08-22', 'active'),
(78, 'Yaw Nyarko', 'yaw.nyarko@gmail.com', '2025-08-20', 'active'),
(79, 'Abena Amponsah', 'abena.amponsah@gmail.com', '2025-08-18', 'active'),
(80, 'Kojo Appiah', 'kojo.appiah@gmail.com', '2025-08-16', 'active'),
(81, 'Efua Ankrah', 'efua.ankrah@gmail.com', '2025-08-14', 'active'),
(82, 'Mensah Agyemang', 'mensah.agyemang@gmail.com', '2025-08-12', 'active'),
(83, 'Rita Asare', 'rita.asare@gmail.com', '2025-08-10', 'active'),
(84, 'Kwesi Baidoo', 'kwesi.baidoo@gmail.com', '2025-08-08', 'active'),
(85, 'Adwoa Essien', 'adwoa.essien@gmail.com', '2025-08-06', 'active'),
(86, 'Kwaku Osei', 'kwaku.osei@gmail.com', '2025-08-04', 'active'),
(87, 'Esi Darko', 'esi.darko@gmail.com', '2025-08-02', 'active'),
(88, 'Nana Adjei', 'nana.adjei@gmail.com', '2025-07-31', 'active'),
(89, 'Akua Bonsu', 'akua.bonsu@gmail.com', '2025-07-29', 'active'),
(90, 'Yaw Owusu', 'yaw.owusu@gmail.com', '2025-07-27', 'active'),
(91, 'Abena Boateng', 'abena.boateng@gmail.com', '2025-07-25', 'active'),
(92, 'Kojo Asiedu', 'kojo.asiedu@gmail.com', '2025-07-23', 'active'),
(93, 'Efua Frimpong', 'efua.frimpong@gmail.com', '2025-07-21', 'active'),
(94, 'Mensah Ankomah', 'mensah.ankomah@gmail.com', '2025-07-19', 'active'),
(95, 'Rita Amankwah', 'rita.amankwah@gmail.com', '2025-07-17', 'active'),
(96, 'Kwesi Baah', 'kwesi.baah@gmail.com', '2025-07-15', 'active'),
(97, 'Adwoa Tetteh', 'adwoa.tetteh@gmail.com', '2025-07-13', 'active'),
(98, 'Kwaku Ofori', 'kwaku.ofori@gmail.com', '2025-07-11', 'active'),
(99, 'Esi Danso', 'esi.danso@gmail.com', '2025-07-09', 'active'),
(100, 'Nana Akoto', 'nana.akoto@gmail.com', '2025-07-07', 'active'),
(101, 'Mark Anifori', 'mark.anifori@gmail.com', '2025-07-05', 'active'),
(102, 'Okoi Augustine', 'okoi.augustine@gmail.com', '2025-07-03', 'active'),
(103, 'John Baah', 'john.baah@gmail.com', '2025-07-01', 'active'),
(104, 'Joyce Mercy', 'joyce.mercy@gmail.com', '2025-06-29', 'active'),
(105, 'Dankwah Daniel', 'dankwah.daniel@gmail.com', '2025-06-27', 'active');



=================================================
/* ----------- Creating  Orders Table ----------------- */
  
CREATE TABLE orders (
    order_id INT PRIMARY KEY,
    customer_id INT NOT NULL,
    order_date DATE NOT NULL,
    order_status VARCHAR(20) NOT NULL,
    order_amount DECIMAL(10,2) NOT NULL,
    FOREIGN KEY (customer_id) REFERENCES customers(customer_id)
);

/* -------------- Inserting values into Orders Table ------------------- */

INSERT INTO orders VALUES
(101, 1, '2024-03-01', 'completed', 120.00),
(102, 1, '2024-06-15', 'completed', 180.00),
(103, 2, '2024-01-20', 'completed', 250.00),
(104, 2, '2024-02-18', 'completed', 200.00),
(105, 3, '2023-08-10', 'completed', 300.00),
(106, 4, '2024-07-05', 'completed', 90.00),
(107, 5, '2023-04-22', 'completed', 400.00),
(108, 6, '2024-01-05', 'completed', 150.00),
(109, 7, '2024-01-12', 'completed', 220.00),
(110, 8, '2024-01-19', 'completed', 175.00),
(111, 9, '2024-01-26', 'completed', 310.00),
(112, 10, '2024-02-02', 'completed', 95.00),
(113, 1, '2024-02-09', 'completed', 130.00),
(114, 2, '2024-02-16', 'completed', 260.00),
(115, 3, '2024-02-23', 'completed', 340.00),
(116, 4, '2024-03-01', 'completed', 110.00),
(117, 5, '2024-03-08', 'completed', 420.00),
(118, 6, '2024-03-15', 'completed', 160.00),
(119, 7, '2024-03-22', 'completed', 210.00),
(120, 8, '2024-03-29', 'completed', 190.00),
(121, 9, '2024-04-05', 'completed', 330.00),
(122, 10, '2024-04-12', 'completed', 85.00),
(123, 1, '2024-04-19', 'completed', 140.00),
(124, 2, '2024-04-26', 'completed', 275.00),
(125, 3, '2024-05-03', 'completed', 360.00),
(126, 4, '2024-05-10', 'completed', 100.00),
(127, 5, '2024-05-17', 'completed', 450.00),
(128, 6, '2024-05-24', 'completed', 170.00),
(129, 7, '2024-05-31', 'completed', 205.00),
(130, 8, '2024-06-07', 'completed', 185.00),
(131, 9, '2024-06-14', 'completed', 320.00),
(132, 10, '2024-06-21', 'completed', 90.00),
(133, 1, '2024-06-28', 'completed', 155.00),
(134, 2, '2024-07-05', 'completed', 265.00),
(135, 3, '2024-07-12', 'completed', 350.00),
(136, 4, '2024-07-19', 'completed', 105.00),
(137, 5, '2024-07-26', 'completed', 430.00),
(138, 6, '2024-08-02', 'completed', 165.00),
(139, 7, '2024-08-09', 'completed', 215.00),
(140, 8, '2024-08-16', 'completed', 195.00),
(141, 9, '2024-08-23', 'completed', 340.00),
(142, 10, '2024-08-30', 'completed', 100.00),
(143, 1, '2024-09-06', 'completed', 145.00),
(144, 2, '2024-09-13', 'completed', 280.00),
(145, 3, '2024-09-20', 'completed', 370.00),
(146, 4, '2024-09-27', 'completed', 115.00),
(147, 5, '2024-10-04', 'completed', 460.00),
(148, 6, '2024-10-11', 'completed', 175.00),
(149, 7, '2024-10-18', 'completed', 225.00),
(150, 8, '2024-10-25', 'completed', 205.00),
(151, 9, '2024-11-01', 'completed', 355.00),
(152, 10, '2024-11-08', 'completed', 110.00),
(153, 1, '2024-11-15', 'completed', 160.00),
(154, 2, '2024-11-22', 'completed', 290.00),
(155, 3, '2024-11-29', 'completed', 380.00),
(156, 4, '2024-12-06', 'completed', 120.00),
(157, 5, '2024-12-13', 'completed', 480.00),
(158, 6, '2024-12-20', 'completed', 185.00),
(159, 7, '2024-12-27', 'completed', 235.00),
(160, 8, '2025-01-03', 'completed', 215.00),
(161, 9, '2025-01-10', 'completed', 365.00),
(162, 10, '2025-01-17', 'completed', 125.00),
(163, 1, '2025-01-24', 'completed', 170.00),
(164, 2, '2025-01-31', 'completed', 300.00),
(165, 3, '2025-02-07', 'completed', 390.00),
(166, 4, '2025-02-14', 'completed', 130.00),
(167, 5, '2025-02-21', 'completed', 500.00),

(168, 6, '2025-02-28', 'completed', 195.00),
(169, 7, '2025-03-07', 'completed', 245.00),
(170, 8, '2025-03-14', 'completed', 225.00),
(171, 9, '2025-03-21', 'completed', 375.00),
(172, 10, '2025-03-28', 'completed', 135.00),
(173, 1, '2025-04-04', 'completed', 180.00),
(174, 2, '2025-04-11', 'completed', 310.00),
(175, 3, '2025-04-18', 'completed', 400.00),
(176, 4, '2025-04-25', 'completed', 140.00),
(177, 5, '2025-05-02', 'completed', 520.00),
(178, 6, '2025-05-09', 'completed', 205.00),
(179, 7, '2025-05-16', 'completed', 255.00),
(180, 8, '2025-05-23', 'completed', 235.00),
(181, 9, '2025-05-30', 'completed', 385.00),
(182, 10, '2025-06-06', 'completed', 145.00),
(183, 1, '2025-06-13', 'completed', 190.00),
(184, 2, '2025-06-20', 'completed', 320.00),
(185, 3, '2025-06-27', 'completed', 410.00),
(186, 4, '2025-07-04', 'completed', 150.00),
(187, 5, '2025-07-11', 'completed', 540.00),
(188, 6, '2025-07-18', 'completed', 215.00),
(189, 7, '2025-07-25', 'completed', 265.00),
(190, 8, '2025-08-01', 'completed', 245.00),
(191, 9, '2025-08-08', 'completed', 395.00),
(192, 10, '2025-08-15', 'completed', 155.00),
(193, 1, '2025-08-22', 'completed', 200.00),
(194, 2, '2025-08-29', 'completed', 330.00),
(195, 3, '2025-09-05', 'completed', 420.00),
(196, 4, '2025-09-12', 'completed', 160.00),
(197, 5, '2025-09-19', 'completed', 560.00),
(198, 6, '2025-09-26', 'completed', 225.00),
(199, 7, '2025-10-03', 'completed', 275.00),
(200, 8, '2025-10-10', 'completed', 255.00),
(201, 9, '2025-10-17', 'completed', 405.00),
(202, 10, '2025-10-24', 'completed', 165.00),
(203, 1, '2025-10-31', 'completed', 210.00),
(204, 2, '2025-11-07', 'completed', 340.00),
(205, 3, '2025-11-14', 'completed', 430.00);


=================================================

/* ----------------------Creating  Payments Table----------------------- */
  
CREATE TABLE payments (
    payment_id INT PRIMARY KEY,
    order_id INT NOT NULL,
    payment_date DATE NOT NULL,
    payment_amount DECIMAL(10,2) NOT NULL,
    payment_status VARCHAR(20) NOT NULL,
    FOREIGN KEY (order_id) REFERENCES orders(order_id)
);


/* -------------- Inserting values into Payments Table ------------------- */
INSERT INTO payments VALUES
(1001, 101, '2024-03-01', 120.00, 'successful'),
(1002, 102, '2024-06-15', 180.00, 'successful'),
(1003, 103, '2024-01-20', 250.00, 'successful'),
(1004, 104, '2024-02-18', 200.00, 'successful'),
(1005, 105, '2023-08-10', 300.00, 'successful'),
(1006, 106, '2024-07-05', 90.00, 'successful'),
(1007, 107, '2023-04-22', 400.00, 'successful'),
(1008, 108, '2024-01-05', 150.00, 'successful'),
(1009, 109, '2024-01-12', 220.00, 'successful'),
(1010, 110, '2024-01-19', 175.00, 'successful'),
(1011, 111, '2024-01-26', 310.00, 'successful'),
(1012, 112, '2024-02-02', 95.00, 'successful'),
(1013, 113, '2024-02-09', 130.00, 'successful'),
(1014, 114, '2024-02-16', 260.00, 'successful'),
(1015, 115, '2024-02-23', 340.00, 'successful'),
(1016, 116, '2024-03-01', 110.00, 'successful'),
(1017, 117, '2024-03-08', 420.00, 'successful'),
(1018, 118, '2024-03-15', 160.00, 'successful'),
(1019, 119, '2024-03-22', 210.00, 'successful'),
(1020, 120, '2024-03-29', 190.00, 'successful'),
(1021, 121, '2024-04-05', 330.00, 'successful'),
(1022, 122, '2024-04-12', 85.00, 'successful'),
(1023, 123, '2024-04-19', 140.00, 'successful'),
(1024, 124, '2024-04-26', 275.00, 'successful'),
(1025, 125, '2024-05-03', 360.00, 'successful'),
(1026, 126, '2024-05-10', 100.00, 'successful'),
(1027, 127, '2024-05-17', 450.00, 'successful'),
(1028, 128, '2024-05-24', 170.00, 'successful'),
(1029, 129, '2024-05-31', 205.00, 'successful'),
(1030, 130, '2024-06-07', 185.00, 'successful'),
(1031, 131, '2024-06-14', 320.00, 'successful'),
(1032, 132, '2024-06-21', 90.00, 'successful'),
(1033, 133, '2024-06-28', 155.00, 'successful'),
(1034, 134, '2024-07-05', 265.00, 'successful'),
(1035, 135, '2024-07-12', 350.00, 'successful'),
(1036, 136, '2024-07-19', 105.00, 'successful'),
(1037, 137, '2024-07-26', 430.00, 'successful'),
(1038, 138, '2024-08-02', 165.00, 'successful'),
(1039, 139, '2024-08-09', 215.00, 'successful'),
(1040, 140, '2024-08-16', 195.00, 'successful'),
(1041, 141, '2024-08-23', 340.00, 'successful'),
(1042, 142, '2024-08-30', 100.00, 'successful'),
(1043, 143, '2024-09-06', 145.00, 'successful'),
(1044, 144, '2024-09-13', 280.00, 'successful'),
(1045, 145, '2024-09-20', 370.00, 'successful'),
(1046, 146, '2024-09-27', 115.00, 'successful'),
(1047, 147, '2024-10-04', 460.00, 'successful'),

(1048, 148, '2024-10-11', 175.00, 'successful'),
(1049, 149, '2024-10-18', 225.00, 'successful'),
(1050, 150, '2024-10-25', 205.00, 'successful'),
(1051, 151, '2024-11-01', 355.00, 'successful'),
(1052, 152, '2024-11-08', 110.00, 'successful'),
(1053, 153, '2024-11-15', 160.00, 'successful'),
(1054, 154, '2024-11-22', 290.00, 'successful'),
(1055, 155, '2024-11-29', 380.00, 'successful'),
(1056, 156, '2024-12-06', 120.00, 'successful'),
(1057, 157, '2024-12-13', 480.00, 'successful'),
(1058, 158, '2024-12-20', 185.00, 'successful'),
(1059, 159, '2024-12-27', 235.00, 'successful'),
(1060, 160, '2025-01-03', 215.00, 'successful'),
(1061, 161, '2025-01-10', 365.00, 'successful'),
(1062, 162, '2025-01-17', 125.00, 'successful'),
(1063, 163, '2025-01-24', 170.00, 'successful'),
(1064, 164, '2025-01-31', 300.00, 'successful'),
(1065, 165, '2025-02-07', 390.00, 'successful'),
(1066, 166, '2025-02-14', 130.00, 'successful'),
(1067, 167, '2025-02-21', 500.00, 'successful'),
(1068, 168, '2025-02-28', 195.00, 'successful'),
(1069, 169, '2025-03-07', 245.00, 'successful'),
(1070, 170, '2025-03-14', 225.00, 'successful'),
(1071, 171, '2025-03-21', 375.00, 'successful'),
(1072, 172, '2025-03-28', 135.00, 'successful'),
(1073, 173, '2025-04-04', 180.00, 'successful'),
(1074, 174, '2025-04-11', 310.00, 'successful'),
(1075, 175, '2025-04-18', 400.00, 'successful'),
(1076, 176, '2025-04-25', 140.00, 'successful'),
(1077, 177, '2025-05-02', 520.00, 'successful'),
(1078, 178, '2025-05-09', 205.00, 'successful'),
(1079, 179, '2025-05-16', 255.00, 'successful'),
(1080, 180, '2025-05-23', 235.00, 'successful'),
(1081, 181, '2025-05-30', 385.00, 'successful'),
(1082, 182, '2025-06-06', 145.00, 'successful'),
(1083, 183, '2025-06-13', 190.00, 'successful'),
(1084, 184, '2025-06-20', 320.00, 'successful'),
(1085, 185, '2025-06-27', 410.00, 'successful'),
(1086, 186, '2025-07-04', 150.00, 'successful'),
(1087, 187, '2025-07-11', 540.00, 'successful'),
(1088, 188, '2025-07-18', 215.00, 'successful'),
(1089, 189, '2025-07-25', 265.00, 'successful'),
(1090, 190, '2025-08-01', 245.00, 'successful'),
(1091, 191, '2025-08-08', 395.00, 'successful'),
(1092, 192, '2025-08-15', 155.00, 'successful'),
(1093, 193, '2025-08-22', 200.00, 'successful'),
(1094, 194, '2025-08-29', 330.00, 'successful'),
(1095, 195, '2025-09-05', 420.00, 'successful'),
(1096, 196, '2025-09-12', 160.00, 'successful'),
(1097, 197, '2025-09-19', 560.00, 'successful'),
(1098, 198, '2025-09-26', 225.00, 'successful'),
(1099, 199, '2025-10-03', 275.00, 'successful'),
(1100, 200, '2025-10-10', 255.00, 'successful'),
(1101, 201, '2025-10-17', 405.00, 'successful'),
(1102, 202, '2025-10-24', 165.00, 'successful'),
(1103, 203, '2025-10-31', 210.00, 'successful'),
(1104, 204, '2025-11-07', 340.00, 'successful'),
(1105, 205, '2025-11-14', 430.00, 'successful');


=================================================

======Why this schema works for the purpose of the CCRIS====

i.e. ->

Churn, active, at risk
→ based on MAX(order_date) per customer

Monthly churn rate
→ orders grouped by month

Lifetime value
→ sum of payment_amount per customer

Revenue at risk
→ high LTV customers with long inactivity

Retention rate
→ customers appearing in consecutive months

The dataset clearly demostrate -> 
Active customers

Recently inactive customers

Fully churned customers

High value churned customers
